{
  "base_survey": "stage5_wide",
  "sweep_param": "dlog_Mstar",
  "sweep_values": [
    1.0,
    0.5,
    0.25
  ],
  "shmr_param_names": [
    "log_M1_0",
    "N_0",
    "beta_0",
    "gamma_0",
    "scatter_sigma_high",
    "scatter_sigma_rise",
    "nu_M1",
    "nu_N",
    "nu_beta",
    "nu_gamma"
  ],
  "fractional_errors_percent": {
    "log_M1_0": [
      0.0037039565930339986,
      0.0027835835210560525,
      0.002667833642786142
    ],
    "N_0": [
      0.0863479812202789,
      0.08913947659667003,
      0.07472928616327038
    ],
    "beta_0": [
      0.0455562416735937,
      0.03775246407964844,
      0.035583760405207186
    ],
    "gamma_0": [
      0.1790982227137084,
      0.07730613095804162,
      0.06414117840244722
    ],
    "scatter_sigma_high": [
      0.24538499690986912,
      0.07464391889574862,
      0.06795281891417453
    ],
    "scatter_sigma_rise": [
      0.6183763271734704,
      0.43858642359196887,
      0.3559792882654838
    ],
    "nu_M1": [
      0.1193031390077185,
      0.07959421081156527,
      0.07138474523910623
    ],
    "nu_N": [
      0.30795765787962714,
      0.23441892402609404,
      0.21184049705834854
    ],
    "nu_beta": [
      0.21014257034936168,
      0.17361246083953538,
      0.1547800859730311
    ],
    "nu_gamma": [
      0.7393319813456773,
      0.46110292513178847,
      0.3300629046106995
    ]
  }
}