{
  "base_survey": "stage5_wide",
  "sweep_param": "log_Mstar_min",
  "sweep_values": [
    9.5,
    9.0,
    8.5,
    8.0,
    7.5
  ],
  "shmr_param_names": [
    "log_M1_0",
    "N_0",
    "beta_0",
    "gamma_0",
    "scatter_sigma_high",
    "scatter_sigma_rise",
    "nu_M1",
    "nu_N",
    "nu_beta",
    "nu_gamma"
  ],
  "fractional_errors_percent": {
    "log_M1_0": [
      0.004600919996216806,
      0.004022244386366405,
      0.003540980501800171,
      0.00306891086081167,
      0.0027190813115128658
    ],
    "N_0": [
      0.08412117565507816,
      0.06474475699470505,
      0.0612591289375701,
      0.05658440173577552,
      0.04375596388606212
    ],
    "beta_0": [
      0.07837647713784193,
      0.044613392816306524,
      0.031954362758273604,
      0.020145208287655106,
      0.015839175956675073
    ],
    "gamma_0": [
      0.07915864062652324,
      0.07904246221438599,
      0.07854093700667755,
      0.07538356262068054,
      0.07398242192853785
    ],
    "scatter_sigma_high": [
      0.06948196033782265,
      0.07646399281114338,
      0.08380105491120618,
      0.08927998285175481,
      0.09210168756482921
    ],
    "scatter_sigma_rise": [
      0.4901226736551395,
      0.3808343679065935,
      0.35580053223258945,
      0.34874813958795153,
      0.2733701719165804
    ],
    "nu_M1": [
      0.13841602029046807,
      0.1245579800379176,
      0.09699448762091158,
      0.08323860677942616,
      0.0777920640796064
    ],
    "nu_N": [
      0.19674610721352792,
      0.16171776928041898,
      0.14801219053781717,
      0.10876986323780345,
      0.09307961294245877
    ],
    "nu_beta": [
      0.32220840752968505,
      0.22183640290763584,
      0.13835811636709472,
      0.08543942126553107,
      0.06970929223151195
    ],
    "nu_gamma": [
      0.4799319979964579,
      0.48241179240410426,
      0.4707517148231355,
      0.44328937463358353,
      0.4320068162973538
    ]
  }
}