{
  "base_survey": "stage4_low_z",
  "sweep_param": "z_max",
  "sweep_values": [
    0.2,
    0.3,
    0.4,
    0.6,
    0.8,
    1.0
  ],
  "shmr_param_names": [
    "log_M1_0",
    "N_0",
    "beta_0",
    "gamma_0",
    "scatter_sigma_high",
    "scatter_sigma_rise"
  ],
  "fractional_errors_percent": {
    "log_M1_0": [
      0.007577796977526299,
      0.004331060831255454,
      0.004331060831255454,
      0.0023767578244423865,
      0.0017567535076649184,
      0.0013358002305768803
    ],
    "N_0": [
      0.23447566468382405,
      0.18827224534386566,
      0.18827224534386566,
      0.08038029271984215,
      0.03915575025487936,
      0.02540627188520486
    ],
    "beta_0": [
      0.08942275044500768,
      0.05481413782158578,
      0.05481413782158578,
      0.022300016644342162,
      0.01577033156898915,
      0.010620664942535257
    ],
    "gamma_0": [
      0.14492309731574834,
      0.10400943381560922,
      0.10400943381560922,
      0.06807516206290701,
      0.047947956863743445,
      0.03691814006586432
    ],
    "scatter_sigma_high": [
      0.215746475615876,
      0.19623600683056824,
      0.19623600683056824,
      0.13838677656697182,
      0.10238029604991926,
      0.07880623067647284
    ],
    "scatter_sigma_rise": [
      1.3652685813843677,
      1.1874232617443472,
      1.1874232617443472,
      0.6149999327062653,
      0.3346392834444525,
      0.22754154565158452
    ]
  }
}