{
  "base_survey": "stage4_low_z",
  "sweep_param": "area_deg2",
  "sweep_values": [
    1000.0,
    3000.0,
    7000.0,
    10000.0,
    14000.0
  ],
  "shmr_param_names": [
    "log_M1_0",
    "N_0",
    "beta_0",
    "gamma_0",
    "scatter_sigma_high",
    "scatter_sigma_rise"
  ],
  "fractional_errors_percent": {
    "log_M1_0": [
      0.013988076096376175,
      0.008459284418489399,
      0.005825234810961138,
      0.004997506862602799,
      0.004331060831255454
    ],
    "N_0": [
      0.3692243913754874,
      0.27712153489725394,
      0.22588877958490083,
      0.20633766684269167,
      0.18827224534386566
    ],
    "beta_0": [
      0.1885131213295818,
      0.11294045183840071,
      0.07596705218752375,
      0.06423286058560972,
      0.05481413782158578
    ],
    "gamma_0": [
      0.21654978706479247,
      0.15545932398321044,
      0.12449181458025842,
      0.11361823191736341,
      0.10400943381560922
    ],
    "scatter_sigma_high": [
      0.24657319868484137,
      0.22803083166146187,
      0.21252612366965043,
      0.2046425391866937,
      0.19623600683056824
    ],
    "scatter_sigma_rise": [
      1.8191981655718465,
      1.587570760853152,
      1.3819245922235177,
      1.2849464632453995,
      1.1874232617443472
    ]
  }
}