{
  "base_survey": "stage4_low_z",
  "sweep_param": "n_gal_total",
  "sweep_values": [
    1000000.0,
    5000000.0,
    10000000.0,
    50000000.0,
    100000000.0
  ],
  "shmr_param_names": [
    "log_M1_0",
    "N_0",
    "beta_0",
    "gamma_0",
    "scatter_sigma_high",
    "scatter_sigma_rise"
  ],
  "fractional_errors_percent": {
    "log_M1_0": [
      0.005062089633448633,
      0.004567435389819519,
      0.004331060831255454,
      0.003902121432413307,
      0.0037840877785534667
    ],
    "N_0": [
      0.2515386391475536,
      0.2146280346053161,
      0.18827224534386566,
      0.12603253478954338,
      0.10636632611763401
    ],
    "beta_0": [
      0.058341106703817584,
      0.055899454766937355,
      0.05481413782158578,
      0.05215957901357263,
      0.050940472941606245
    ],
    "gamma_0": [
      0.15419959054267138,
      0.120887007220717,
      0.10400943381560922,
      0.07086117690169103,
      0.061453887138303506
    ],
    "scatter_sigma_high": [
      0.3681432001794677,
      0.2486422093443825,
      0.19623600683056824,
      0.10248744502874352,
      0.07606899926718169
    ],
    "scatter_sigma_rise": [
      1.6346086093980792,
      1.37662861901584,
      1.1874232617443472,
      0.7169045267937642,
      0.5536799268213769
    ]
  }
}