label,n_halos,seed,ensemble_mode,sigma_over_m_cm2_g,delta_chi2_optimistic_5pct,sigma_separation_optimistic_5pct,delta_chi2_conservative_10pct,sigma_separation_conservative_10pct,required_uniform_fraction_for_3sigma,required_uniform_percent_for_3sigma,max_abs_delta_sigma_ratio_shift_percent,ensemble_mean_mass_msun,ensemble_median_mass_msun,ensemble_std_log10_mass_dex
cluster,400,42,HMF,0.2,760.1723452702744,27.571223137000548,190.0430863175686,13.785611568500274,0.4595203856166758,45.95203856166758,52.39352086727145,332558640757921.8,248875926599809.75,0.2716980923363867
cluster,400,42,HMF,0.5,1774.6920095496178,42.12709353313634,443.67300238740444,21.06354676656817,0.7021182255522724,70.21182255522724,73.37521892813152,332558640757921.8,248875926599809.75,0.2716980923363867
cluster,400,42,HMF,1.0,2649.3004920293943,51.47135603449159,662.3251230073486,25.735678017245796,0.8578559339081934,85.78559339081934,83.79577198841058,332558640757921.8,248875926599809.75,0.2716980923363867
cluster,400,42,HMF,2.0,3377.700410944029,58.11798698289566,844.4251027360073,29.05899349144783,0.9686331163815942,96.86331163815942,89.61175378531915,332558640757921.8,248875926599809.75,0.2716980923363867
