label,n_halos,seed,ensemble_mode,sigma_over_m_cm2_g,delta_chi2_optimistic_5pct,sigma_separation_optimistic_5pct,delta_chi2_conservative_10pct,sigma_separation_conservative_10pct,required_uniform_fraction_for_3sigma,required_uniform_percent_for_3sigma,max_abs_delta_sigma_ratio_shift_percent,ensemble_mean_mass_msun,ensemble_median_mass_msun,ensemble_std_log10_mass_dex
dwarf,800,123,SHMR,0.5,2210.0268744583714,47.010922927106755,552.5067186145928,23.505461463553377,0.783515382118446,78.3515382118446,73.16220074505244,38085709491.28355,10258451960.86968,0.6791340639315947
dwarf,800,123,SHMR,1.0,3137.5444582679506,56.013788108535834,784.3861145669877,28.006894054267917,0.933563135142264,93.3563135142264,83.13433715941245,38085709491.28355,10258451960.86968,0.6791340639315947
dwarf,800,123,SHMR,3.0,4165.72135788468,64.54239969109206,1041.43033947117,32.27119984554603,1.0757066615182012,107.57066615182012,90.55413184358727,38085709491.28355,10258451960.86968,0.6791340639315947
dwarf,800,123,SHMR,10.0,4669.76490012766,68.33567809078696,1167.441225031915,34.16783904539348,1.1389279681797826,113.89279681797827,93.1324457884558,38085709491.28355,10258451960.86968,0.6791340639315947
